{"weights": {"MMM": 0.0011598050505133572, "AMD": 0.006635730929230493, "AOS": 0.00012799644786499307, "ACN": 0.0017463244790760573, "ABBV": 0.005406745279064916, "AES": 0.00015123144078829696, "ADBE": 0.0014795766516662726, "AFL": 0.0008716964163541628, "A": 0.0004891953772505145, "ABT": 0.0024264892022707743, "APD": 0.000968016042988656, "ABNB": 0.0012084285389248749, "ALB": 0.00037178807452812484, "ALGN": 0.0001938105278901564, "ARE": 0.00012154273997945019, "GOOGL": 0.05945436251707993, "AKAM": 0.00020846679766933565, "ALLE": 0.00017831639880325006, "ALL": 0.0008118730131550621, "LNT": 0.000274902146604324, "GOOG": 0.058879316493427605, "AMZN": 0.039277120369955267, "AMCR": 0.00027154124355974603, "MO": 0.00158804576996595, "AEP": 0.0010698111635492299, "AEE": 0.00045433796773930793, "AXP": 0.0032715333022138703, "AIG": 0.0006138704777891275, "AMT": 0.0012182967095855052, "AWK": 0.0003733141973414737, "AME": 0.0007714028853746742, "APH": 0.0026786417035656535, "ADI": 0.0025263890033297835, "AMGN": 0.0027548292819213746, "AON": 0.0010542265999956522, "AMP": 0.0006237019833993418, "APA": 0.00019590575279527527, "AAPL": 0.05662558821589951, "APO": 0.0010256237867767577, "APP": 0.002303931598258999, "AMAT": 0.00452586097251985, "APTV": 0.0002112935262763796, "ACGL": 0.0005059910557169722, "ADM": 0.00048408734261646955, "ANET": 0.002965635828030588, "AJG": 0.000842647811239607, "ARES": 0.0005625278445357363, "ATO": 0.0004548731456729113, "AIZ": 0.0001635924454608235, "T": 0.002703202973808965, "BAX": 0.00013697469724271421, "BALL": 0.00024669256904665074, "AXON": 0.0004622376685281812, "AVY": 0.0001870584521658328, "BAC": 0.005592695557041525, "ADSK": 0.000753995793228446, "AZO": 0.0008455580097510496, "ADP": 0.0011854423081839067, "BKR": 0.0008790609392094328, "BDX": 0.0008204090802274611, "AVB": 0.00034756056408198166, "TECH": 0.00013126071573584411, "BBY": 0.0001981985915382975, "BLK": 0.002331792723039742, "BX": 0.002290635844486613, "BK": 0.0013573484340061097, "BIIB": 0.00037783855672441247, "XYZ": 0.0006103405081231873, "BKNG": 0.002137531221020491, "BA": 0.0025158424094160327, "BSX": 0.0013785963100038298, "BMY": 0.0017607506187491742, "AVGO": 0.027633224412991528, "BR": 0.0002773527738710928, "BRO": 0.0003426657498963522, "BLDR": 0.00013573064669018348, "BG": 0.0003487052385685363, "CHRW": 0.00031509509978381456, "CDNS": 0.0012395858038098367, "CPT": 0.00015345412467178155, "BXP": 0.00014546494797964657, "CPB": 9.131609038964427e-05, "COF": 0.0018257972938772137, "CAH": 0.0007334590514601976, "CCL": 0.0005532942428522387, "CVNA": 0.001169354019558602, "CAT": 0.005288788779419059, "CASY": 0.00039969125627846224, "CARR": 0.0007299837199086028, "CBOE": 0.0004739746783761868, "CBRE": 0.0006380735448683266, "CDW": 0.0002515195498935002, "CF": 0.00028030311222531094, "CRL": 0.00012769778047514685, "COR": 0.0009172414184656459, "CNC": 0.00028052382145036354, "SCHW": 0.0023737334668210435, "CNP": 0.0004134388828331392, "CIEN": 0.0010245650534908921, "CHTR": 0.00043705857421229787, "CTAS": 0.001038825840975859, "CB": 0.0018787097544444083, "CVX": 0.005481663719466372, "CI": 0.001079810897037823, "CHD": 0.0003275487256457904, "CMG": 0.0006784585402359025, "CSCO": 0.004883318374299429, "CINF": 0.000371994734808206, "C": 0.003309350545848071, "CFG": 0.00040135427392873975, "CLX": 0.000182661072479555, "CMS": 0.00035187916183803574, "CTSH": 0.00042730767779380663, "CME": 0.0015719265676706871, "KO": 0.004732939425888408, "COHR": 0.0008994437716402326, "COIN": 0.000788140061518042, "CL": 0.0009812708780854963, "CMCSA": 0.0015642811857364144, "FIX": 0.000826462527979297, "COP": 0.0021734972390699673, "CAG": 0.00010286867413540468, "STZ": 0.0004182440713399743, "ED": 0.0005955612576540713, "CEG": 0.0015851754716564308, "CPAY": 0.0003305221593871578, "CTVA": 0.000798345346947774, "GLW": 0.002086694769157564, "CSGP": 0.0002482100048791004, "COO": 0.00019799968963081252, "COST": 0.006409227667648783, "CPRT": 0.00047106085529685177, "CTRA": 0.0003550806737606668, "CRH": 0.0011176915256774814, "CRWD": 0.001551309066935183, "CCI": 0.0005544508095160933, "CSX": 0.0011622069707768773, "CMI": 0.0012313123232014457, "DRI": 0.0003311923749410838, "CVS": 0.0014394598144125228, "DHR": 0.0020058510888603023, "DVA": 0.0001448367893953153, "DDOG": 0.000639032887110663, "DECK": 0.00023093131529709426, "DE": 0.0023079762565656635, "DELL": 0.0018715905040015612, "DVN": 0.0004161275633316524, "DAL": 0.0006716104434175363, "DPZ": 0.0001815013605295128, "D": 0.0008032549290009322, "DASH": 0.0011394887783293091, "DXCM": 0.0003455807711799491, "FANG": 0.0007679921370327988, "DLR": 0.0010184235377258023, "DLTR": 0.0002906493364313558, "DOW": 0.0004201789315821834, "DOV": 0.00042247792609960145, "DG": 0.0003977146386177239, "DTE": 0.000447189541022682, "DHI": 0.0006103517113330366, "DD": 0.00028026977219172195, "DUK": 0.001464143900592685, "ETN": 0.002231075267392373, "SATS": 0.0005598453647442788, "EBAY": 0.0006740764676090712, "ECL": 0.0011121558219872373, "EA": 0.0007444033293684922, "ELV": 0.0010195113873752335, "EME": 0.0005187404882561189, "EMR": 0.0011544759172378745, "EW": 0.0006715361547532948, "EPAM": 0.00010041819664416865, "ETR": 0.0007734548700834897, "EFX": 0.00033591866169726896, "EQT": 0.0005331563832827961, "EIX": 0.00040309607350924094, "EOG": 0.0010520475457248561, "EQIX": 0.0015447926330565264, "EQR": 0.0003443574944938101, "ERIE": 0.00018452779983191856, "ESS": 0.00025080249953048496, "EL": 0.0003986093676952342, "EG": 0.00020346615209226873, "EXC": 0.0007122075808496917, "EVRG": 0.0002761968961746888, "EXPE": 0.0004560042804513058, "EXPD": 0.0002870655074838406, "ES": 0.0003803038020831771, "EXE": 0.0003423361838141007, "EXR": 0.0004570797586417324, "XOM": 0.00923977387329178, "FDS": 0.00012580945549096152, "FFIV": 0.00025598196211609574, "FDX": 0.001329265761257331, "FICO": 0.00037123597195932133, "FAST": 0.0007511192642567644, "FIS": 0.0003682650244917975, "FRT": 0.0001398937624656953, "FE": 0.000427904683067327, "BEN": 0.00020247373941230235, "F": 0.0007298319074286127, "FISV": 0.0004884014471065413, "FTNT": 0.0008962633181575054, "FOXA": 0.0004014474642652135, "FSLR": 0.00030120293984003894, "FITB": 0.0006559043220415831, "FTV": 0.00027710720190760453, "FOX": 0.00039536708687259005, "FCX": 0.0014353312818075217, "IT": 0.0001602647176967485, "GRMN": 0.0007442590655753525, "GE": 0.00460209360335582, "GEN": 0.00017842368301735509, "GEHC": 0.0004885320513710947, "GEV": 0.0038568088749322323, "GD": 0.0013267961424530102, "GNRC": 0.0001780290244885728, "GILD": 0.0025153041760615615, "GIS": 0.0002757042844474915, "GM": 0.0010649541227529585, "GPC": 0.00022623706552736317, "GPN": 0.0002900176131893452, "GDDY": 0.00016655260908998972, "HAL": 0.00046735334171439603, "GL": 0.00017216002530531194, "HAS": 0.0001920902660312639, "DOC": 0.00017470656882325041, "HCA": 0.0015797050700984633, "HIG": 0.0005579484875771737, "GS": 0.003906415489940686, "HSIC": 0.0001295865098532706, "HPE": 0.0005031938478674322, "HLT": 0.0011080078784731925, "HON": 0.0021259256541800225, "HRL": 0.00016821869713868847, "HSY": 0.0005673178458035511, "HST": 0.00020957717355889172, "HD": 0.004911741217238178, "HWM": 0.0014520147184897407, "HUBB": 0.0004056655626387959, "HPQ": 0.0002647787584358967, "HII": 0.00022817445697607567, "IDXX": 0.0006637764641324313, "IBM": 0.0034451396798837915, "HBAN": 0.0004937191075762156, "IEX": 0.00021826204262307257, "HUM": 0.00035412034299981435, "ITW": 0.0011196423220363745, "PODD": 0.0002074427973295134, "ICE": 0.0013601644536625625, "INTU": 0.001575607570983847, "INCY": 0.0002774659143085281, "IBKR": 0.0019738865937640594, "IFF": 0.00026926989760567266, "IP": 0.0002802748645598353, "ISRG": 0.002379677758164615, "INTC": 0.005030632795490067, "IR": 0.00048353634838660837, "IVZ": 0.00015603522140512422, "JNJ": 0.008267166551212157, "INVH": 0.00023414967696715907, "IQV": 0.00042680050788482655, "JBL": 0.0004789466269611798, "IRM": 0.000512252511728684,