{"weights": {"AAPL": 0.12258918828527081, "MSFT": 0.09890681350420481, "NVDA": 0.15265400324988715, "GOOGL": 0.1280907635025215, "TSLA": 0.04620948484092774, "ADBE": 0.0032031473128729237, "AMZN": 0.08503135165638306, "META": 0.05421629321390158, "CSCO": 0.010571934959182051, "AVGO": 0.059823388281239925, "PEP": 0.006855363060282934, "COST": 0.01387538817816557, "AMGN": 0.005963951919538963, "MU": 0.016327578143828823, "TXN": 0.006431946192512159, "AMD": 0.014365746898597752, "QCOM": 0.004547737343689324, "INTC": 0.010890857126447133, "NFLX": 0.0144783203588657, "LRCX": 0.010378970264793874, "BKNG": 0.004627558416174649, "REGN": 0.0024973276752930616, "AMAT": 0.009798072574501047, "INTU": 0.0034110454172518964, "ADP": 0.00256637352295934, "VRTX": 0.003508863156664585, "KLAC": 0.007217924122834569, "MDLZ": 0.002319366688349301, "HON": 0.0046024334318100005, "GILD": 0.005445402104403385, "MELI": 0.0029251190680006033, "PANW": 0.004314286244619228, "ADI": 0.0054693997355081195, "MRVL": 0.003692985157707798, "FTNT": 0.0019403276173286929, "CDNS": 0.002683589209168251, "ORLY": 0.0024615195531796077, "SNPS": 0.0026759382003322713, "NXPI": 0.0017101680473692851, "CTAS": 0.0022489623618468114, "ZM": 0.0008127165136178677, "ROST": 0.002273395525883759, "CPRT": 0.001019803408728072, "CSGP": 0.0005373518224022333, "SIRI": 0.00026354482937476813, "PAYX": 0.0010452427861325313, "TEAM": 0.0005739967371289692, "FAST": 0.001626104095547608, "DDOG": 0.0013834474022557373, "EXC": 0.0015418638812914828, "PCAR": 0.002071069078354694, "KDP": 0.0011202993903336505, "BIIB": 0.0008179857098370662, "MNST": 0.002334426945036852, "IDXX": 0.0014370149698156086, "VRSK": 0.000778847148583245, "SWKS": 0.00027956548286988325, "MRNA": 0.000686668574921957, "KHC": 0.0008467489765268971, "ON": 0.0009972614666836968, "WDAY": 0.001039906340412037, "CRWD": 0.003358441391726988, "HPQ": 0.0005732216493377534, "NTAP": 0.000650238800234324, "OKTA": 0.00040412057342709037, "CDW": 0.0005445166828423922, "VRSN": 0.0007951745103873089, "TTWO": 0.001254398268120597, "NET": 0.002199894479819177, "LULU": 0.0006051930479746595, "LBTYK": 0.0001292140315984196, "FANG": 0.0016626323126103302, "EPAM": 0.0002173961561113258, "FSLR": 0.0006520766506361858, "DOCU": 0.00028357175680075915, "KEYS": 0.001792052518728514, "HAS": 0.0004158577514548879, "VTRS": 0.0005165691649247921, "TTD": 0.00034303516660781733, "JBHT": 0.0007139219379100749, "GEHC": 0.0010576269406788249, "WYNN": 0.0003527343021310519, "WBD": 0.002174135391670851, "EXPE": 0.0009872073095646614, "XEL": 0.0016018831208725129, "DASH": 0.0024668883590747855, "GEN": 0.00038627085671181604, "GFS": 0.0008761014059161253, "MCHP": 0.0013171744130045186, "PTC": 0.0005210040652576124, "TSCO": 0.0007438458907852455, "MTCH": 0.0002597624178146483, "SNOW": 0.0015713862178103116, "BKR": 0.0019030860497218464, "DT": 0.00034005148068194354, "DLTR": 0.0006292290703086783, "ZS": 0.0006839341725862299}, "prices": {"AAPL": 263.4, "MSFT": 420.26, "NVDA": 198.35, "GOOGL": 336.02, "TSLA": 388.9, "ADBE": 248.155, "AMZN": 249.7, "META": 676.87, "CSCO": 84.5, "AVGO": 398.47, "GOOG": 332.77, "PEP": 158.38, "COST": 987.21, "AMGN": 349.39, "MU": 457.23, "TXN": 223.1, "AMD": 278.26, "QCOM": 134.47, "INTC": 68.5, "NFLX": 107.79, "LRCX": 260.96, "BKNG": 184.56, "REGN": 746.0, "AMAT": 389.9, "INTU": 387.11, "ADP": 200.39, "VRTX": 435.65, "KLAC": 1734.85, "MDLZ": 57.07, "HON": 229.38, "GILD": 138.55, "MELI": 1822.13, "PANW": 166.97, "ADI": 353.8, "MRVL": 133.37, "FTNT": 82.4, "CDNS": 306.96, "ORLY": 92.71, "SNPS": 441.15, "NXPI": 213.73, "CTAS": 177.52, "ZM": 86.68, "ROST": 221.97, "CPRT": 33.27, "CSGP": 40.04, "SIRI": 24.73, "PAYX": 92.13, "TEAM": 68.73, "FAST": 44.72, "DDOG": 123.47, "EXC": 47.59, "PCAR": 124.37, "KDP": 26.04, "BIIB": 176.02, "MNST": 75.36, "IDXX": 569.95, "VRSK": 178.31, "SWKS": 58.7, "MRNA": 54.68, "KHC": 22.59, "ON": 79.93, "WDAY": 124.87, "CRWD": 418.2, "HPQ": 19.72, "NTAP": 103.68, "OKTA": 72.01, "CDW": 133.31, "VRSN": 273.85, "TTWO": 213.93, "NET": 197.38, "LULU": 162.92, "LBTYK": 12.18, "FANG": 186.65, "EPAM": 126.81, "FSLR": 191.65, "DOCU": 46.06, "KEYS": 329.96, "HAS": 93.35, "VTRS": 14.01, "TTD": 22.76, "JBHT": 238.32, "GEHC": 73.2, "WYNN": 106.82, "WBD": 27.39, "EXPE": 254.43, "XEL": 81.05, "DASH": 179.33, "GEN": 19.78, "GFS": 50.39, "MCHP": 76.87, "PTC": 138.27, "TSCO": 44.63, "MTCH": 34.75, "SNOW": 143.55, "BKR": 60.6, "DT": 35.62, "DLTR": 99.93, "ZS": 134.33}, "total_mc": 35625722766336.0}